[
  {
    "id": "3ff933",
    "x": 750,
    "y": 850,
    "status": 0,
    "isCover": false,
    "iconName": "icons0",
    "revealed": false,
    "reveals": []
  },
  {
    "id": "ede88a",
    "x": 450,
    "y": 250,
    "status": 0,
    "isCover": false,
    "iconName": "icons0",
    "revealed": false,
    "reveals": []
  },
  {
    "id": "e69a6c",
    "x": 225,
    "y": 825,
    "status": 0,
    "isCover": false,
    "iconName": "icons0",
    "revealed": false,
    "reveals": []
  },
  {
    "id": "41c873",
    "x": 350,
    "y": 650,
    "status": 0,
    "isCover": false,
    "iconName": "icons0",
    "revealed": false,
    "reveals": []
  },
  {
    "id": "5d3251",
    "x": 750,
    "y": 50,
    "status": 0,
    "isCover": false,
    "iconName": "icons0",
    "revealed": false,
    "reveals": []
  },
  {
    "id": "c89b22",
    "x": 125,
    "y": 325,
    "status": 0,
    "isCover": false,
    "iconName": "icons0",
    "revealed": false,
    "reveals": []
  },
  {
    "id": "878199",
    "x": 50,
    "y": 150,
    "status": 0,
    "isCover": false,
    "iconName": "icons1",
    "revealed": false,
    "reveals": []
  },
  {
    "id": "f3ffd1",
    "x": 325,
    "y": 325,
    "status": 0,
    "isCover": false,
    "iconName": "icons1",
    "revealed": false,
    "reveals": []
  },
  {
    "id": "6290b8",
    "x": 500,
    "y": 600,
    "status": 0,
    "isCover": false,
    "iconName": "icons1",
    "revealed": false,
    "reveals": []
  },
  {
    "id": "0e122a",
    "x": 625,
    "y": 25,
    "status": 0,
    "isCover": false,
    "iconName": "icons1",
    "revealed": false,
    "reveals": []
  },
  {
    "id": "f2274f",
    "x": 100,
    "y": 400,
    "status": 0,
    "isCover": false,
    "iconName": "icons1",
    "revealed": false,
    "reveals": [
      "c89b22"
    ]
  },
  {
    "id": "b90dcb",
    "x": 550,
    "y": 350,
    "status": 0,
    "isCover": false,
    "iconName": "icons1",
    "revealed": false,
    "reveals": []
  },
  {
    "id": "cf8811",
    "x": 525,
    "y": 125,
    "status": 0,
    "isCover": false,
    "iconName": "icons2",
    "revealed": false,
    "reveals": []
  },
  {
    "id": "da9c7e",
    "x": 300,
    "y": 400,
    "status": 0,
    "isCover": false,
    "iconName": "icons2",
    "revealed": false,
    "reveals": [
      "f3ffd1"
    ]
  },
  {
    "id": "733d3c",
    "x": 700,
    "y": 100,
    "status": 0,
    "isCover": false,
    "iconName": "icons2",
    "revealed": false,
    "reveals": [
      "5d3251",
      "0e122a"
    ]
  },
  {
    "id": "eddaa1",
    "x": 700,
    "y": 700,
    "status": 0,
    "isCover": false,
    "iconName": "icons2",
    "revealed": false,
    "reveals": []
  },
  {
    "id": "dd1213",
    "x": 700,
    "y": 500,
    "status": 0,
    "isCover": false,
    "iconName": "icons2",
    "revealed": false,
    "reveals": []
  },
  {
    "id": "7690bf",
    "x": 125,
    "y": 525,
    "status": 0,
    "isCover": false,
    "iconName": "icons2",
    "revealed": false,
    "reveals": []
  },
  {
    "id": "53bd0d",
    "x": 725,
    "y": 325,
    "status": 0,
    "isCover": false,
    "iconName": "icons3",
    "revealed": false,
    "reveals": []
  },
  {
    "id": "ed99df",
    "x": 200,
    "y": 500,
    "status": 0,
    "isCover": false,
    "iconName": "icons3",
    "revealed": false,
    "reveals": [
      "7690bf"
    ]
  },
  {
    "id": "563042",
    "x": 550,
    "y": 850,
    "status": 0,
    "isCover": false,
    "iconName": "icons3",
    "revealed": false,
    "reveals": []
  },
  {
    "id": "4084fc",
    "x": 600,
    "y": 100,
    "status": 0,
    "isCover": false,
    "iconName": "icons3",
    "revealed": false,
    "reveals": [
      "0e122a",
      "cf8811"
    ]
  },
  {
    "id": "f9cec2",
    "x": -50,
    "y": 50,
    "status": 0,
    "isCover": false,
    "iconName": "icons3",
    "revealed": true,
    "reveals": []
  },
  {
    "id": "451fc9",
    "x": 550,
    "y": 150,
    "status": 0,
    "isCover": false,
    "iconName": "icons3",
    "revealed": false,
    "reveals": [
      "cf8811",
      "4084fc"
    ]
  },
  {
    "id": "713567",
    "x": 650,
    "y": 50,
    "status": 0,
    "isCover": false,
    "iconName": "icons4",
    "revealed": false,
    "reveals": [
      "0e122a",
      "733d3c",
      "4084fc"
    ]
  },
  {
    "id": "8d9b43",
    "x": 500,
    "y": 700,
    "status": 0,
    "isCover": false,
    "iconName": "icons4",
    "revealed": false,
    "reveals": []
  },
  {
    "id": "473e36",
    "x": 450,
    "y": 250,
    "status": 0,
    "isCover": false,
    "iconName": "icons4",
    "revealed": false,
    "reveals": [
      "ede88a"
    ]
  },
  {
    "id": "8f7327",
    "x": 750,
    "y": 650,
    "status": 0,
    "isCover": false,
    "iconName": "icons4",
    "revealed": false,
    "reveals": [
      "eddaa1"
    ]
  },
  {
    "id": "d3354d",
    "x": 300,
    "y": 800,
    "status": 0,
    "isCover": false,
    "iconName": "icons4",
    "revealed": false,
    "reveals": [
      "e69a6c"
    ]
  },
  {
    "id": "e032a7",
    "x": 475,
    "y": 475,
    "status": 0,
    "isCover": false,
    "iconName": "icons4",
    "revealed": false,
    "reveals": []
  },
  {
    "id": "f08ee2",
    "x": 300,
    "y": 100,
    "status": 0,
    "isCover": false,
    "iconName": "icons5",
    "revealed": false,
    "reveals": []
  },
  {
    "id": "f366f0",
    "x": 750,
    "y": 750,
    "status": 0,
    "isCover": false,
    "iconName": "icons5",
    "revealed": false,
    "reveals": [
      "eddaa1"
    ]
  },
  {
    "id": "95352b",
    "x": 350,
    "y": 50,
    "status": 0,
    "isCover": false,
    "iconName": "icons5",
    "revealed": false,
    "reveals": [
      "f08ee2"
    ]
  },
  {
    "id": "37cda5",
    "x": 350,
    "y": 150,
    "status": 0,
    "isCover": false,
    "iconName": "icons5",
    "revealed": false,
    "reveals": [
      "f08ee2"
    ]
  },
  {
    "id": "499c63",
    "x": 325,
    "y": 225,
    "status": 0,
    "isCover": false,
    "iconName": "icons5",
    "revealed": false,
    "reveals": [
      "37cda5"
    ]
  },
  {
    "id": "518a9e",
    "x": 650,
    "y": -50,
    "status": 0,
    "isCover": false,
    "iconName": "icons5",
    "revealed": false,
    "reveals": [
      "0e122a"
    ]
  },
  {
    "id": "50dfba",
    "x": 500,
    "y": 200,
    "status": 0,
    "isCover": false,
    "iconName": "icons6",
    "revealed": false,
    "reveals": [
      "ede88a",
      "cf8811",
      "451fc9",
      "473e36"
    ]
  },
  {
    "id": "b40344",
    "x": 225,
    "y": 625,
    "status": 0,
    "isCover": false,
    "iconName": "icons6",
    "revealed": false,
    "reveals": []
  },
  {
    "id": "330e60",
    "x": 500,
    "y": 300,
    "status": 0,
    "isCover": false,
    "iconName": "icons6",
    "revealed": false,
    "reveals": [
      "ede88a",
      "b90dcb",
      "473e36"
    ]
  },
  {
    "id": "35643c",
    "x": 450,
    "y": -50,
    "status": 0,
    "isCover": false,
    "iconName": "icons6",
    "revealed": true,
    "reveals": []
  },
  {
    "id": "778cd3",
    "x": 325,
    "y": 325,
    "status": 0,
    "isCover": false,
    "iconName": "icons6",
    "revealed": false,
    "reveals": [
      "f3ffd1",
      "da9c7e"
    ]
  },
  {
    "id": "52d8cf",
    "x": 350,
    "y": 550,
    "status": 0,
    "isCover": false,
    "iconName": "icons6",
    "revealed": false,
    "reveals": []
  },
  {
    "id": "e6b68e",
    "x": 275,
    "y": 275,
    "status": 0,
    "isCover": false,
    "iconName": "icons7",
    "revealed": false,
    "reveals": [
      "f3ffd1",
      "499c63",
      "778cd3"
    ]
  },
  {
    "id": "09bd30",
    "x": 750,
    "y": 650,
    "status": 0,
    "isCover": false,
    "iconName": "icons7",
    "revealed": false,
    "reveals": [
      "eddaa1",
      "8f7327"
    ]
  },
  {
    "id": "e7e601",
    "x": 325,
    "y": 125,
    "status": 0,
    "isCover": false,
    "iconName": "icons7",
    "revealed": false,
    "reveals": [
      "f08ee2",
      "95352b",
      "37cda5"
    ]
  },
  {
    "id": "48a8b1",
    "x": 450,
    "y": 250,
    "status": 0,
    "isCover": false,
    "iconName": "icons7",
    "revealed": false,
    "reveals": [
      "ede88a",
      "473e36",
      "50dfba",
      "330e60"
    ]
  },
  {
    "id": "8490d5",
    "x": 825,
    "y": 725,
    "status": 0,
    "isCover": false,
    "iconName": "icons7",
    "revealed": false,
    "reveals": [
      "8f7327",
      "f366f0",
      "09bd30"
    ]
  },
  {
    "id": "f000d9",
    "x": 475,
    "y": 675,
    "status": 0,
    "isCover": false,
    "iconName": "icons7",
    "revealed": false,
    "reveals": [
      "6290b8",
      "8d9b43"
    ]
  },
  {
    "id": "d7e876",
    "x": 350,
    "y": 150,
    "status": 0,
    "isCover": false,
    "iconName": "icons8",
    "revealed": false,
    "reveals": [
      "f08ee2",
      "37cda5",
      "499c63",
      "e7e601"
    ]
  },
  {
    "id": "75a02f",
    "x": 750,
    "y": -50,
    "status": 0,
    "isCover": false,
    "iconName": "icons8",
    "revealed": true,
    "reveals": []
  },
  {
    "id": "111235",
    "x": 850,
    "y": 50,
    "status": 0,
    "isCover": false,
    "iconName": "icons8",
    "revealed": true,
    "reveals": []
  },
  {
    "id": "e5af59",
    "x": 75,
    "y": 575,
    "status": 0,
    "isCover": false,
    "iconName": "icons8",
    "revealed": false,
    "reveals": [
      "7690bf"
    ]
  },
  {
    "id": "69c238",
    "x": 525,
    "y": 825,
    "status": 0,
    "isCover": false,
    "iconName": "icons8",
    "revealed": true,
    "reveals": [
      "563042"
    ]
  },
  {
    "id": "3103a3",
    "x": -50,
    "y": 550,
    "status": 0,
    "isCover": false,
    "iconName": "icons8",
    "revealed": true,
    "reveals": []
  },
  {
    "id": "22b34e",
    "x": 275,
    "y": 175,
    "status": 0,
    "isCover": false,
    "iconName": "icons9",
    "revealed": false,
    "reveals": [
      "f08ee2",
      "37cda5",
      "499c63",
      "e7e601",
      "d7e876"
    ]
  },
  {
    "id": "4d1d4b",
    "x": -50,
    "y": 250,
    "status": 0,
    "isCover": false,
    "iconName": "icons9",
    "revealed": true,
    "reveals": []
  },
  {
    "id": "3881b7",
    "x": 250,
    "y": 750,
    "status": 0,
    "isCover": false,
    "iconName": "icons9",
    "revealed": false,
    "reveals": [
      "e69a6c",
      "d3354d"
    ]
  },
  {
    "id": "f099fa",
    "x": 475,
    "y": 675,
    "status": 0,
    "isCover": false,
    "iconName": "icons9",
    "revealed": false,
    "reveals": [
      "6290b8",
      "8d9b43",
      "f000d9"
    ]
  },
  {
    "id": "05a31d",
    "x": 500,
    "y": 300,
    "status": 0,
    "isCover": false,
    "iconName": "icons9",
    "revealed": false,
    "reveals": [
      "ede88a",
      "b90dcb",
      "473e36",
      "330e60",
      "48a8b1"
    ]
  },
  {
    "id": "8eba9d",
    "x": 825,
    "y": 725,
    "status": 0,
    "isCover": false,
    "iconName": "icons9",
    "revealed": true,
    "reveals": [
      "8f7327",
      "f366f0",
      "09bd30",
      "8490d5"
    ]
  },
  {
    "id": "9a78c9",
    "x": 650,
    "y": -50,
    "status": 0,
    "isCover": false,
    "iconName": "icons0",
    "revealed": true,
    "reveals": [
      "0e122a",
      "518a9e"
    ]
  },
  {
    "id": "26188f",
    "x": 400,
    "y": 500,
    "status": 0,
    "isCover": false,
    "iconName": "icons0",
    "revealed": false,
    "reveals": [
      "e032a7",
      "52d8cf"
    ]
  },
  {
    "id": "3c0b47",
    "x": 825,
    "y": 825,
    "status": 0,
    "isCover": false,
    "iconName": "icons0",
    "revealed": true,
    "reveals": [
      "3ff933",
      "f366f0"
    ]
  },
  {
    "id": "130df8",
    "x": 425,
    "y": 625,
    "status": 0,
    "isCover": false,
    "iconName": "icons0",
    "revealed": false,
    "reveals": [
      "41c873",
      "6290b8",
      "8d9b43",
      "52d8cf",
      "f000d9",
      "f099fa"
    ]
  },
  {
    "id": "7d737d",
    "x": 375,
    "y": 575,
    "status": 0,
    "isCover": false,
    "iconName": "icons0",
    "revealed": false,
    "reveals": [
      "41c873",
      "52d8cf",
      "26188f",
      "130df8"
    ]
  },
  {
    "id": "0a7684",
    "x": 150,
    "y": 150,
    "status": 0,
    "isCover": false,
    "iconName": "icons0",
    "revealed": false,
    "reveals": []
  },
  {
    "id": "718533",
    "x": 750,
    "y": 250,
    "status": 0,
    "isCover": false,
    "iconName": "icons1",
    "revealed": false,
    "reveals": [
      "53bd0d"
    ]
  },
  {
    "id": "ef4421",
    "x": 625,
    "y": 325,
    "status": 0,
    "isCover": false,
    "iconName": "icons1",
    "revealed": false,
    "reveals": [
      "b90dcb"
    ]
  },
  {
    "id": "d4d770",
    "x": 675,
    "y": 375,
    "status": 0,
    "isCover": false,
    "iconName": "icons1",
    "revealed": false,
    "reveals": [
      "53bd0d",
      "ef4421"
    ]
  },
  {
    "id": "4f5301",
    "x": 100,
    "y": 400,
    "status": 0,
    "isCover": false,
    "iconName": "icons1",
    "revealed": false,
    "reveals": [
      "c89b22",
      "f2274f"
    ]
  },
  {
    "id": "66a540",
    "x": 625,
    "y": 725,
    "status": 0,
    "isCover": false,
    "iconName": "icons1",
    "revealed": false,
    "reveals": [
      "eddaa1"
    ]
  },
  {
    "id": "732123",
    "x": 700,
    "y": 600,
    "status": 0,
    "isCover": false,
    "iconName": "icons1",
    "revealed": false,
    "reveals": [
      "8f7327",
      "09bd30"
    ]
  },
  {
    "id": "180e22",
    "x": 600,
    "y": 400,
    "status": 0,
    "isCover": false,
    "iconName": "icons2",
    "revealed": false,
    "reveals": [
      "b90dcb",
      "ef4421",
      "d4d770"
    ]
  },
  {
    "id": "8e4d35",
    "x": 675,
    "y": 675,
    "status": 0,
    "isCover": false,
    "iconName": "icons2",
    "revealed": false,
    "reveals": [
      "eddaa1",
      "8f7327",
      "f366f0",
      "09bd30",
      "66a540",
      "732123"
    ]
  },
  {
    "id": "fc4d29",
    "x": 750,
    "y": 450,
    "status": 0,
    "isCover": false,
    "iconName": "icons2",
    "revealed": false,
    "reveals": [
      "dd1213",
      "d4d770"
    ]
  },
  {
    "id": "950b38",
    "x": 425,
    "y": 625,
    "status": 0,
    "isCover": false,
    "iconName": "icons2",
    "revealed": false,
    "reveals": [
      "41c873",
      "6290b8",
      "8d9b43",
      "52d8cf",
      "f000d9",
      "f099fa",
      "130df8",
      "7d737d"
    ]
  },
  {
    "id": "c710e5",
    "x": 50,
    "y": 250,
    "status": 0,
    "isCover": false,
    "iconName": "icons2",
    "revealed": true,
    "reveals": [
      "c89b22"
    ]
  },
  {
    "id": "f3c525",
    "x": 400,
    "y": 200,
    "status": 0,
    "isCover": false,
    "iconName": "icons2",
    "revealed": false,
    "reveals": [
      "ede88a",
      "473e36",
      "37cda5",
      "499c63",
      "e7e601",
      "48a8b1",
      "d7e876"
    ]
  },
  {
    "id": "b9ae50",
    "x": 175,
    "y": 475,
    "status": 0,
    "isCover": false,
    "iconName": "icons3",
    "revealed": false,
    "reveals": [
      "f2274f",
      "7690bf",
      "ed99df",
      "4f5301"
    ]
  },
  {
    "id": "500bc5",
    "x": 50,
    "y": 150,
    "status": 0,
    "isCover": false,
    "iconName": "icons3",
    "revealed": false,
    "reveals": [
      "878199"
    ]
  },
  {
    "id": "8ead6e",
    "x": 400,
    "y": 500,
    "status": 0,
    "isCover": false,
    "iconName": "icons3",
    "revealed": false,
    "reveals": [
      "e032a7",
      "52d8cf",
      "26188f",
      "7d737d"
    ]
  },
  {
    "id": "08e896",
    "x": 450,
    "y": 450,
    "status": 0,
    "isCover": false,
    "iconName": "icons3",
    "revealed": false,
    "reveals": [
      "e032a7",
      "26188f",
      "8ead6e"
    ]
  },
  {
    "id": "e37b3b",
    "x": 500,
    "y": 600,
    "status": 0,
    "isCover": false,
    "iconName": "icons3",
    "revealed": false,
    "reveals": [
      "6290b8",
      "f000d9",
      "f099fa",
      "130df8",
      "950b38"
    ]
  },
  {
    "id": "0a1a63",
    "x": 625,
    "y": 425,
    "status": 0,
    "isCover": false,
    "iconName": "icons3",
    "revealed": false,
    "reveals": [
      "b90dcb",
      "dd1213",
      "d4d770",
      "180e22"
    ]
  },
  {
    "id": "418dcd",
    "x": 100,
    "y": 400,
    "status": 0,
    "isCover": false,
    "iconName": "icons4",
    "revealed": false,
    "reveals": [
      "c89b22",
      "f2274f",
      "4f5301",
      "b9ae50"
    ]
  },
  {
    "id": "e3f77c",
    "x": 350,
    "y": 50,
    "status": 0,
    "isCover": false,
    "iconName": "icons4",
    "revealed": true,
    "reveals": [
      "f08ee2",
      "95352b",
      "e7e601"
    ]
  },
  {
    "id": "82830a",
    "x": 425,
    "y": 325,
    "status": 0,
    "isCover": false,
    "iconName": "icons4",
    "revealed": false,
    "reveals": [
      "ede88a",
      "473e36",
      "330e60",
      "48a8b1",
      "05a31d"
    ]
  },
  {
    "id": "25c529",
    "x": 125,
    "y": 625,
    "status": 0,
    "isCover": false,
    "iconName": "icons4",
    "revealed": false,
    "reveals": [
      "e5af59"
    ]
  },
  {
    "id": "601fab",
    "x": 625,
    "y": 625,
    "status": 0,
    "isCover": false,
    "iconName": "icons4",
    "revealed": false,
    "reveals": [
      "eddaa1",
      "732123",
      "8e4d35"
    ]
  },
  {
    "id": "3ae30f",
    "x": 600,
    "y": 200,
    "status": 0,
    "isCover": false,
    "iconName": "icons4",
    "revealed": false,
    "reveals": [
      "cf8811",
      "451fc9"
    ]
  },
  {
    "id": "f692f4",
    "x": 625,
    "y": 425,
    "status": 0,
    "isCover": false,
    "iconName": "icons5",
    "revealed": false,
    "reveals": [
      "b90dcb",
      "dd1213",
      "d4d770",
      "180e22",
      "0a1a63"
    ]
  },
  {
    "id": "d4d8ad",
    "x": 125,
    "y": 125,
    "status": 0,
    "isCover": false,
    "iconName": "icons5",
    "revealed": false,
    "reveals": [
      "878199",
      "0a7684",
      "500bc5"
    ]
  },
  {
    "id": "cfed88",
    "x": 750,
    "y": 550,
    "status": 0,
    "isCover": false,
    "iconName": "icons5",
    "revealed": false,
    "reveals": [
      "dd1213",
      "732123"
    ]
  },
  {
    "id": "099dce",
    "x": 450,
    "y": 250,
    "status": 0,
    "isCover": false,
    "iconName": "icons5",
    "revealed": false,
    "reveals": [
      "ede88a",
      "473e36",
      "50dfba",
      "330e60",
      "48a8b1",
      "05a31d",
      "f3c525",
      "82830a"
    ]
  },
  {
    "id": "3814e8",
    "x": 650,
    "y": 550,
    "status": 0,
    "isCover": false,
    "iconName": "icons5",
    "revealed": false,
    "reveals": [
      "dd1213",
      "732123",
      "601fab"
    ]
  },
  {
    "id": "a9d796",
    "x": 650,
    "y": 250,
    "status": 0,
    "isCover": false,
    "iconName": "icons5",
    "revealed": false,
    "reveals": [
      "53bd0d",
      "ef4421",
      "3ae30f"
    ]
  },
  {
    "id": "cf45de",
    "x": 350,
    "y": 450,
    "status": 0,
    "isCover": false,
    "iconName": "icons6",
    "revealed": false,
    "reveals": [
      "da9c7e",
      "26188f",
      "8ead6e"
    ]
  },
  {
    "id": "af306d",
    "x": 250,
    "y": 750,
    "status": 0,
    "isCover": false,
    "iconName": "icons6",
    "revealed": false,
    "reveals": [
      "e69a6c",
      "d3354d",
      "3881b7"
    ]
  },
  {
    "id": "3820c5",
    "x": 675,
    "y": 275,
    "status": 0,
    "isCover": false,
    "iconName": "icons6",
    "revealed": false,
    "reveals": [
      "53bd0d",
      "718533",
      "ef4421",
      "3ae30f",
      "a9d796"
    ]
  },
  {
    "id": "11dd6f",
    "x": 400,
    "y": 300,
    "status": 0,
    "isCover": false,
    "iconName": "icons6",
    "revealed": false,
    "reveals": [
      "ede88a",
      "f3ffd1",
      "473e36",
      "499c63",
      "778cd3",
      "48a8b1",
      "82830a",
      "099dce"
    ]
  },
  {
    "id": "b95618",
    "x": 525,
    "y": 525,
    "status": 0,
    "isCover": false,
    "iconName": "icons6",
    "revealed": false,
    "reveals": [
      "6290b8",
      "e032a7",
      "08e896",
      "e37b3b"
    ]
  },
  {
    "id": "9fbb7a",
    "x": 300,
    "y": 300,
    "status": 0,
    "isCover": false,
    "iconName": "icons6",
    "revealed": false,
    "reveals": [
      "f3ffd1",
      "499c63",
      "778cd3",
      "e6b68e"
    ]
  },
  {
    "id": "5e1916",
    "x": 175,
    "y": 375,
    "status": 0,
    "isCover": false,
    "iconName": "icons7",
    "revealed": false,
    "reveals": [
      "c89b22",
      "f2274f",
      "4f5301",
      "418dcd"
    ]
  },
  {
    "id": "754bfd",
    "x": 700,
    "y": 700,
    "status": 0,
    "isCover": false,
    "iconName": "icons7",
    "revealed": false,
    "reveals": [
      "eddaa1",
      "8f7327",
      "f366f0",
      "09bd30",
      "66a540",
      "8e4d35",
      "601fab"
    ]
  },
  {
    "id": "2e7bab",
    "x": 650,
    "y": 250,
    "status": 0,
    "isCover": false,
    "iconName": "icons7",
    "revealed": false,
    "reveals": [
      "53bd0d",
      "ef4421",
      "3ae30f",
      "a9d796",
      "3820c5"
    ]
  },
  {
    "id": "691814",
    "x": 575,
    "y": 75,
    "status": 0,
    "isCover": false,
    "iconName": "icons7",
    "revealed": false,
    "reveals": [
      "0e122a",
      "cf8811",
      "4084fc",
      "451fc9",
      "713567"
    ]
  },
  {
    "id": "493709",
    "x": 200,
    "y": 400,
    "status": 0,
    "isCover": false,
    "iconName": "icons7",
    "revealed": false,
    "reveals": [
      "c89b22",
      "b9ae50",
      "5e1916"
    ]
  },
  {
    "id": "405b40",
    "x": 675,
    "y": 475,
    "status": 0,
    "isCover": false,
    "iconName": "icons7",
    "revealed": false,
    "reveals": [
      "dd1213",
      "180e22",
      "fc4d29",
      "0a1a63",
      "f692f4",
      "cfed88",
      "3814e8"
    ]
  },
  {
    "id": "027c38",
    "x": 75,
    "y": 575,
    "status": 0,
    "isCover": false,
    "iconName": "icons8",
    "revealed": false,
    "reveals": [
      "7690bf",
      "e5af59",
      "25c529"
    ]
  },
  {
    "id": "474eeb",
    "x": 650,
    "y": 250,
    "status": 0,
    "isCover": false,
    "iconName": "icons8",
    "revealed": false,
    "reveals": [
      "53bd0d",
      "ef4421",
      "3ae30f",
      "a9d796",
      "3820c5",
      "2e7bab"
    ]
  },
  {
    "id": "8d4842",
    "x": 475,
    "y": 75,
    "status": 0,
    "isCover": false,
    "iconName": "icons8",
    "revealed": false,
    "reveals": [
      "cf8811",
      "451fc9"
    ]
  },
  {
    "id": "552eed",
    "x": 450,
    "y": 550,
    "status": 0,
    "isCover": false,
    "iconName": "icons8",
    "revealed": false,
    "reveals": [
      "6290b8",
      "e032a7",
      "26188f",
      "130df8",
      "7d737d",
      "950b38",
      "8ead6e",
      "e37b3b",
      "b95618"
    ]
  },
  {
    "id": "73b22b",
    "x": 650,
    "y": 650,
    "status": 0,
    "isCover": false,
    "iconName": "icons8",
    "revealed": false,
    "reveals": [
      "eddaa1",
      "66a540",
      "732123",
      "8e4d35",
      "601fab",
      "754bfd"
    ]
  },
  {
    "id": "2a42b1",
    "x": 550,
    "y": 50,
    "status": 0,
    "isCover": false,
    "iconName": "icons8",
    "revealed": true,
    "reveals": [
      "0e122a",
      "cf8811",
      "4084fc",
      "691814",
      "8d4842"
    ]
  },
  {
    "id": "d1d0c5",
    "x": 400,
    "y": 700,
    "status": 0,
    "isCover": false,
    "iconName": "icons9",
    "revealed": false,
    "reveals": [
      "41c873",
      "f000d9",
      "f099fa",
      "130df8",
      "950b38"
    ]
  },
  {
    "id": "af5528",
    "x": 350,
    "y": 150,
    "status": 0,
    "isCover": false,
    "iconName": "icons9",
    "revealed": false,
    "reveals": [
      "f08ee2",
      "37cda5",
      "499c63",
      "e7e601",
      "d7e876",
      "22b34e",
      "f3c525"
    ]
  },
  {
    "id": "41673e",
    "x": 75,
    "y": 675,
    "status": 0,
    "isCover": false,
    "iconName": "icons9",
    "revealed": true,
    "reveals": [
      "25c529"
    ]
  },
  {
    "id": "f96516",
    "x": 350,
    "y": 450,
    "status": 0,
    "isCover": false,
    "iconName": "icons9",
    "revealed": false,
    "reveals": [
      "da9c7e",
      "26188f",
      "8ead6e",
      "cf45de"
    ]
  },
  {
    "id": "4a40cf",
    "x": 250,
    "y": 250,
    "status": 0,
    "isCover": false,
    "iconName": "icons9",
    "revealed": false,
    "reveals": [
      "f3ffd1",
      "499c63",
      "778cd3",
      "e6b68e",
      "22b34e",
      "9fbb7a"
    ]
  },
  {
    "id": "fe2808",
    "x": 250,
    "y": 550,
    "status": 0,
    "isCover": false,
    "iconName": "icons9",
    "revealed": false,
    "reveals": [
      "ed99df",
      "b40344",
      "b9ae50"
    ]
  },
  {
    "id": "7cf4dc",
    "x": 300,
    "y": 700,
    "status": 0,
    "isCover": false,
    "iconName": "icons0",
    "revealed": false,
    "reveals": [
      "41c873",
      "b40344",
      "3881b7",
      "af306d"
    ]
  },
  {
    "id": "17172f",
    "x": 425,
    "y": 425,
    "status": 0,
    "isCover": false,
    "iconName": "icons0",
    "revealed": false,
    "reveals": [
      "e032a7",
      "26188f",
      "8ead6e",
      "08e896",
      "cf45de",
      "f96516"
    ]
  },
  {
    "id": "370c51",
    "x": 700,
    "y": 300,
    "status": 0,
    "isCover": false,
    "iconName": "icons0",
    "revealed": false,
    "reveals": [
      "53bd0d",
      "718533",
      "ef4421",
      "d4d770",
      "a9d796",
      "3820c5",
      "2e7bab",
      "474eeb"
    ]
  },
  {
    "id": "362b81",
    "x": 150,
    "y": 550,
    "status": 0,
    "isCover": false,
    "iconName": "icons0",
    "revealed": false,
    "reveals": [
      "7690bf",
      "ed99df",
      "b40344",
      "e5af59",
      "b9ae50",
      "25c529",
      "027c38"
    ]
  },
  {
    "id": "7f0822",
    "x": 375,
    "y": 375,
    "status": 0,
    "isCover": false,
    "iconName": "icons0",
    "revealed": false,
    "reveals": [
      "f3ffd1",
      "da9c7e",
      "778cd3",
      "08e896",
      "82830a",
      "cf45de",
      "11dd6f",
      "9fbb7a",
      "f96516",
      "17172f"
    ]
  },
  {
    "id": "2a646f",
    "x": 650,
    "y": 150,
    "status": 0,
    "isCover": false,
    "iconName": "icons0",
    "revealed": true,
    "reveals": [
      "733d3c",
      "4084fc",
      "3ae30f",
      "691814"
    ]
  },
  {
    "id": "0848a3",
    "x": 450,
    "y": 350,
    "status": 0,
    "isCover": false,
    "iconName": "icons1",
    "revealed": false,
    "reveals": [
      "330e60",
      "05a31d",
      "82830a",
      "11dd6f",
      "17172f",
      "7f0822"
    ]
  },
  {
    "id": "ece66b",
    "x": 525,
    "y": 525,
    "status": 0,
    "isCover": false,
    "iconName": "icons1",
    "revealed": false,
    "reveals": [
      "6290b8",
      "e032a7",
      "08e896",
      "e37b3b",
      "b95618",
      "552eed"
    ]
  },
  {
    "id": "a66b0e",
    "x": 350,
    "y": 150,
    "status": 0,
    "isCover": false,
    "iconName": "icons1",
    "revealed": false,
    "reveals": [
      "f08ee2",
      "37cda5",
      "499c63",
      "e7e601",
      "d7e876",
      "22b34e",
      "f3c525",
      "af5528"
    ]
  },
  {
    "id": "2479d2",
    "x": 350,
    "y": 650,
    "status": 0,
    "isCover": false,
    "iconName": "icons1",
    "revealed": false,
    "reveals": [
      "41c873",
      "130df8",
      "7d737d",
      "950b38",
      "d1d0c5",
      "7cf4dc"
    ]
  },
  {
    "id": "1ca69e",
    "x": 550,
    "y": 450,
    "status": 0,
    "isCover": false,
    "iconName": "icons1",
    "revealed": false,
    "reveals": [
      "e032a7",
      "180e22",
      "0a1a63",
      "f692f4",
      "b95618",
      "ece66b"
    ]
  },
  {
    "id": "cf63cb",
    "x": 275,
    "y": 275,
    "status": 0,
    "isCover": false,
    "iconName": "icons1",
    "revealed": false,
    "reveals": [
      "f3ffd1",
      "499c63",
      "778cd3",
      "e6b68e",
      "9fbb7a",
      "4a40cf"
    ]
  },
  {
    "id": "a9956a",
    "x": 225,
    "y": 225,
    "status": 0,
    "isCover": false,
    "iconName": "icons2",
    "revealed": false,
    "reveals": [
      "e6b68e",
      "22b34e",
      "0a7684",
      "9fbb7a",
      "4a40cf",
      "cf63cb"
    ]
  },
  {
    "id": "989441",
    "x": 450,
    "y": 150,
    "status": 0,
    "isCover": false,
    "iconName": "icons2",
    "revealed": false,
    "reveals": [
      "cf8811",
      "50dfba",
      "f3c525",
      "8d4842"
    ]
  },
  {
    "id": "9ee972",
    "x": 600,
    "y": 300,
    "status": 0,
    "isCover": false,
    "iconName": "icons2",
    "revealed": false,
    "reveals": [
      "b90dcb",
      "ef4421",
      "d4d770",
      "a9d796",
      "3820c5",
      "2e7bab",
      "474eeb"
    ]
  },
  {
    "id": "9ceb53",
    "x": 250,
    "y": 250,
    "status": 0,
    "isCover": false,
    "iconName": "icons2",
    "revealed": false,
    "reveals": [
      "f3ffd1",
      "499c63",
      "778cd3",
      "e6b68e",
      "22b34e",
      "9fbb7a",
      "4a40cf",
      "cf63cb",
      "a9956a"
    ]
  },
  {
    "id": "cfc4c2",
    "x": 250,
    "y": 250,
    "status": 0,
    "isCover": false,
    "iconName": "icons2",
    "revealed": false,
    "reveals": [
      "f3ffd1",
      "499c63",
      "778cd3",
      "e6b68e",
      "22b34e",
      "9fbb7a",
      "4a40cf",
      "cf63cb",
      "a9956a",
      "9ceb53"
    ]
  },
  {
    "id": "53b26a",
    "x": 225,
    "y": 225,
    "status": 0,
    "isCover": false,
    "iconName": "icons2",
    "revealed": false,
    "reveals": [
      "e6b68e",
      "22b34e",
      "0a7684",
      "9fbb7a",
      "4a40cf",
      "cf63cb",
      "a9956a",
      "9ceb53",
      "cfc4c2"
    ]
  },
  {
    "id": "e8858d",
    "x": 450,
    "y": 350,
    "status": 0,
    "isCover": false,
    "iconName": "icons3",
    "revealed": false,
    "reveals": [
      "330e60",
      "05a31d",
      "82830a",
      "11dd6f",
      "17172f",
      "7f0822",
      "0848a3"
    ]
  },
  {
    "id": "772da3",
    "x": 350,
    "y": 150,
    "status": 0,
    "isCover": false,
    "iconName": "icons3",
    "revealed": false,
    "reveals": [
      "f08ee2",
      "37cda5",
      "499c63",
      "e7e601",
      "d7e876",
      "22b34e",
      "f3c525",
      "af5528",
      "a66b0e"
    ]
  },
  {
    "id": "738db1",
    "x": 250,
    "y": 550,
    "status": 0,
    "isCover": false,
    "iconName": "icons3",
    "revealed": false,
    "reveals": [
      "ed99df",
      "b40344",
      "b9ae50",
      "fe2808"
    ]
  },
  {
    "id": "58e910",
    "x": 250,
    "y": 650,
    "status": 0,
    "isCover": false,
    "iconName": "icons3",
    "revealed": false,
    "reveals": [
      "b40344",
      "7cf4dc"
    ]
  },
  {
    "id": "45a9bf",
    "x": 600,
    "y": 300,
    "status": 0,
    "isCover": false,
    "iconName": "icons3",
    "revealed": false,
    "reveals": [
      "b90dcb",
      "ef4421",
      "d4d770",
      "a9d796",
      "3820c5",
      "2e7bab",
      "474eeb",
      "9ee972"
    ]
  },
  {
    "id": "269af1",
    "x": 350,
    "y": 550,
    "status": 0,
    "isCover": false,
    "iconName": "icons3",
    "revealed": false,
    "reveals": [
      "52d8cf",
      "26188f",
      "130df8",
      "7d737d",
      "950b38",
      "8ead6e"
    ]
  },
  {
    "id": "c3ba27",
    "x": 350,
    "y": 250,
    "status": 0,
    "isCover": false,
    "iconName": "icons4",
    "revealed": false,
    "reveals": [
      "f3ffd1",
      "499c63",
      "778cd3",
      "e6b68e",
      "22b34e",
      "f3c525",
      "82830a",
      "11dd6f",
      "9fbb7a",
      "cf63cb"
    ]
  },
  {
    "id": "f99af4",
    "x": 225,
    "y": 425,
    "status": 0,
    "isCover": false,
    "iconName": "icons4",
    "revealed": false,
    "reveals": [
      "da9c7e",
      "ed99df",
      "b9ae50",
      "5e1916",
      "493709"
    ]
  },
  {
    "id": "106fd2",
    "x": 550,
    "y": 450,
    "status": 0,
    "isCover": false,
    "iconName": "icons4",
    "revealed": false,
    "reveals": [
      "e032a7",
      "180e22",
      "0a1a63",
      "f692f4",
      "b95618",
      "ece66b",
      "1ca69e"
    ]
  },
  {
    "id": "c6be63",
    "x": 225,
    "y": 225,
    "status": 0,
    "isCover": false,
    "iconName": "icons4",
    "revealed": false,
    "reveals": [
      "e6b68e",
      "22b34e",
      "0a7684",
      "9fbb7a",
      "4a40cf",
      "cf63cb",
      "a9956a",
      "9ceb53",
      "cfc4c2",
      "53b26a"
    ]
  },
  {
    "id": "6dffc2",
    "x": 575,
    "y": 475,
    "status": 0,
    "isCover": false,
    "iconName": "icons4",
    "revealed": false,
    "reveals": [
      "180e22",
      "0a1a63",
      "f692f4",
      "3814e8",
      "b95618",
      "ece66b",
      "1ca69e",
      "106fd2"
    ]
  },
  {
    "id": "1da5b0",
    "x": 600,
    "y": 300,
    "status": 0,
    "isCover": false,
    "iconName": "icons4",
    "revealed": false,
    "reveals": [
      "b90dcb",
      "ef4421",
      "d4d770",
      "a9d796",
      "3820c5",
      "2e7bab",
      "474eeb",
      "9ee972",
      "45a9bf"
    ]
  },
  {
    "id": "9af8eb",
    "x": 425,
    "y": 225,
    "status": 0,
    "isCover": false,
    "iconName": "icons5",
    "revealed": false,
    "reveals": [
      "ede88a",
      "473e36",
      "37cda5",
      "50dfba",
      "330e60",
      "48a8b1",
      "d7e876",
      "05a31d",
      "f3c525",
      "099dce",
      "11dd6f",
      "af5528",
      "a66b0e",
      "989441",
      "772da3",
      "c3ba27"
    ]
  },
  {
    "id": "cb1f33",
    "x": 450,
    "y": 250,
    "status": 0,
    "isCover": false,
    "iconName": "icons5",
    "revealed": false,
    "reveals": [
      "ede88a",
      "473e36",
      "50dfba",
      "330e60",
      "48a8b1",
      "05a31d",
      "f3c525",
      "82830a",
      "099dce",
      "11dd6f",
      "9af8eb"
    ]
  },
  {
    "id": "a8f666",
    "x": 150,
    "y": 250,
    "status": 0,
    "isCover": false,
    "iconName": "icons5",
    "revealed": false,
    "reveals": [
      "c89b22",
      "a9956a",
      "53b26a",
      "c6be63"
    ]
  },
  {
    "id": "b79042",
    "x": 375,
    "y": 275,
    "status": 0,
    "isCover": false,
    "iconName": "icons5",
    "revealed": false,
    "reveals": [
      "ede88a",
      "f3ffd1",
      "473e36",
      "499c63",
      "778cd3",
      "48a8b1",
      "f3c525",
      "82830a",
      "099dce",
      "11dd6f",
      "9fbb7a",
      "0848a3",
      "e8858d",
      "c3ba27",
      "9af8eb",
      "cb1f33"
    ]
  },
  {
    "id": "33fa46",
    "x": 500,
    "y": 200,
    "status": 0,
    "isCover": false,
    "iconName": "icons5",
    "revealed": false,
    "reveals": [
      "ede88a",
      "cf8811",
      "451fc9",
      "473e36",
      "50dfba",
      "48a8b1",
      "099dce",
      "989441",
      "9af8eb",
      "cb1f33"
    ]
  },
  {
    "id": "f300c4",
    "x": 525,
    "y": 625,
    "status": 0,
    "isCover": false,
    "iconName": "icons5",
    "revealed": false,
    "reveals": [
      "6290b8",
      "8d9b43",
      "f000d9",
      "f099fa",
      "e37b3b",
      "552eed"
    ]
  },
  {
    "id": "383dc8",
    "x": 275,
    "y": 275,
    "status": 0,
    "isCover": false,
    "iconName": "icons6",
    "revealed": false,
    "reveals": [
      "f3ffd1",
      "499c63",
      "778cd3",
      "e6b68e",
      "9fbb7a",
      "4a40cf",
      "cf63cb",
      "a9956a",
      "9ceb53",
      "cfc4c2",
      "53b26a",
      "c3ba27",
      "c6be63"
    ]
  },
  {
    "id": "991773",
    "x": 550,
    "y": 550,
    "status": 0,
    "isCover": false,
    "iconName": "icons6",
    "revealed": false,
    "reveals": [
      "6290b8",
      "e032a7",
      "e37b3b",
      "601fab",
      "b95618",
      "ece66b",
      "6dffc2",
      "f300c4"
    ]
  },
  {
    "id": "46b49f",
    "x": 250,
    "y": 550,
    "status": 0,
    "isCover": false,
    "iconName": "icons6",
    "revealed": false,
    "reveals": [
      "ed99df",
      "b40344",
      "b9ae50",
      "fe2808",
      "738db1"
    ]
  },
  {
    "id": "84bc98",
    "x": 225,
    "y": 625,
    "status": 0,
    "isCover": false,
    "iconName": "icons6",
    "revealed": false,
    "reveals": [
      "b40344",
      "fe2808",
      "7cf4dc",
      "362b81",
      "738db1",
      "58e910",
      "46b49f"
    ]
  },
  {
    "id": "4976ea",
    "x": 525,
    "y": 425,
    "status": 0,
    "isCover": false,
    "iconName": "icons6",
    "revealed": false,
    "reveals": [
      "b90dcb",
      "e032a7",
      "180e22",
      "08e896",
      "0848a3",
      "1ca69e",
      "e8858d",
      "106fd2",
      "6dffc2"
    ]
  },
  {
    "id": "b0e638",
    "x": 650,
    "y": 450,
    "status": 0,
    "isCover": false,
    "iconName": "icons6",
    "revealed": false,
    "reveals": [
      "dd1213",
      "d4d770",
      "180e22",
      "0a1a63",
      "f692f4",
      "405b40",
      "6dffc2"
    ]
  },
  {
    "id": "510908",
    "x": 300,
    "y": 600,
    "status": 0,
    "isCover": false,
    "iconName": "icons7",
    "revealed": false,
    "reveals": [
      "41c873",
      "b40344",
      "52d8cf",
      "7d737d",
      "fe2808",
      "2479d2",
      "738db1",
      "58e910",
      "269af1",
      "46b49f",
      "84bc98"
    ]
  },
  {
    "id": "923011",
    "x": 625,
    "y": 625,
    "status": 0,
    "isCover": false,
    "iconName": "icons7",
    "revealed": false,
    "reveals": [
      "eddaa1",
      "732123",
      "8e4d35",
      "601fab",
      "3814e8",
      "754bfd",
      "73b22b",
      "991773"
    ]
  },
  {
    "id": "daa2be",
    "x": 375,
    "y": 375,
    "status": 0,
    "isCover": false,
    "iconName": "icons7",
    "revealed": false,
    "reveals": [
      "f3ffd1",
      "da9c7e",
      "778cd3",
      "08e896",
      "82830a",
      "cf45de",
      "11dd6f",
      "9fbb7a",
      "f96516",
      "17172f",
      "7f0822",
      "0848a3",
      "e8858d"
    ]
  },
  {
    "id": "a11d67",
    "x": 200,
    "y": 400,
    "status": 0,
    "isCover": false,
    "iconName": "icons7",
    "revealed": false,
    "reveals": [
      "c89b22",
      "b9ae50",
      "5e1916",
      "493709",
      "f99af4"
    ]
  },
  {
    "id": "e95bba",
    "x": 350,
    "y": 250,
    "status": 0,
    "isCover": false,
    "iconName": "icons7",
    "revealed": false,
    "reveals": [
      "f3ffd1",
      "499c63",
      "778cd3",
      "e6b68e",
      "22b34e",
      "f3c525",
      "82830a",
      "11dd6f",
      "9fbb7a",
      "cf63cb",
      "c3ba27",
      "9af8eb",
      "b79042",
      "383dc8"
    ]
  },
  {
    "id": "c82ba3",
    "x": 500,
    "y": 200,
    "status": 0,
    "isCover": false,
    "iconName": "icons7",
    "revealed": false,
    "reveals": [
      "ede88a",
      "cf8811",
      "451fc9",
      "473e36",
      "50dfba",
      "48a8b1",
      "099dce",
      "989441",
      "9af8eb",
      "cb1f33",
      "33fa46"
    ]
  },
  {
    "id": "c7141e",
    "x": 625,
    "y": 625,
    "status": 0,
    "isCover": false,
    "iconName": "icons8",
    "revealed": false,
    "reveals": [
      "eddaa1",
      "732123",
      "8e4d35",
      "601fab",
      "3814e8",
      "754bfd",
      "73b22b",
      "991773",
      "923011"
    ]
  },
  {
    "id": "d9281b",
    "x": 450,
    "y": 350,
    "status": 0,
    "isCover": false,
    "iconName": "icons8",
    "revealed": false,
    "reveals": [
      "330e60",
      "05a31d",
      "82830a",
      "11dd6f",
      "17172f",
      "7f0822",
      "0848a3",
      "e8858d",
      "b79042",
      "4976ea",
      "daa2be"
    ]
  },
  {
    "id": "fa16c5",
    "x": 550,
    "y": 150,
    "status": 0,
    "isCover": false,
    "iconName": "icons8",
    "revealed": true,
    "reveals": [
      "cf8811",
      "4084fc",
      "451fc9",
      "50dfba",
      "3ae30f",
      "691814",
      "8d4842",
      "33fa46",
      "c82ba3"
    ]
  },
  {
    "id": "ec7eef",
    "x": 625,
    "y": 525,
    "status": 0,
    "isCover": false,
    "iconName": "icons8",
    "revealed": false,
    "reveals": [
      "dd1213",
      "732123",
      "3814e8",
      "405b40",
      "1ca69e",
      "106fd2",
      "6dffc2",
      "991773",
      "b0e638"
    ]
  },
  {
    "id": "ffbdaa",
    "x": 250,
    "y": 650,
    "status": 0,
    "isCover": false,
    "iconName": "icons8",
    "revealed": false,
    "reveals": [
      "b40344",
      "7cf4dc",
      "58e910",
      "84bc98",
      "510908"
    ]
  },
  {
    "id": "62e367",
    "x": 200,
    "y": 200,
    "status": 0,
    "isCover": false,
    "iconName": "icons8",
    "revealed": false,
    "reveals": [
      "e6b68e",
      "22b34e",
      "0a7684",
      "d4d8ad",
      "4a40cf",
      "cf63cb",
      "a9956a",
      "9ceb53",
      "cfc4c2",
      "53b26a",
      "c6be63",
      "a8f666",
      "383dc8"
    ]
  },
  {
    "id": "ec7ba3",
    "x": 550,
    "y": 350,
    "status": 0,
    "isCover": false,
    "iconName": "icons9",
    "revealed": false,
    "reveals": [
      "b90dcb",
      "330e60",
      "05a31d",
      "ef4421",
      "180e22",
      "0a1a63",
      "f692f4",
      "9ee972",
      "45a9bf",
      "1da5b0",
      "4976ea"
    ]
  },
  {
    "id": "ebb0ff",
    "x": 200,
    "y": 400,
    "status": 0,
    "isCover": false,
    "iconName": "icons9",
    "revealed": false,
    "reveals": [
      "c89b22",
      "b9ae50",
      "5e1916",
      "493709",
      "f99af4",
      "a11d67"
    ]
  },
  {
    "id": "4aa36e",
    "x": 150,
    "y": 150,
    "status": 0,
    "isCover": false,
    "iconName": "icons9",
    "revealed": true,
    "reveals": [
      "0a7684",
      "d4d8ad",
      "a9956a",
      "53b26a",
      "c6be63",
      "62e367"
    ]
  },
  {
    "id": "4bd75a",
    "x": 350,
    "y": 550,
    "status": 0,
    "isCover": false,
    "iconName": "icons9",
    "revealed": false,
    "reveals": [
      "52d8cf",
      "26188f",
      "130df8",
      "7d737d",
      "950b38",
      "8ead6e",
      "269af1",
      "510908"
    ]
  },
  {
    "id": "c15077",
    "x": 550,
    "y": 450,
    "status": 0,
    "isCover": false,
    "iconName": "icons9",
    "revealed": false,
    "reveals": [
      "e032a7",
      "180e22",
      "0a1a63",
      "f692f4",
      "b95618",
      "ece66b",
      "1ca69e",
      "106fd2",
      "6dffc2",
      "4976ea",
      "ec7eef"
    ]
  },
  {
    "id": "787908",
    "x": 350,
    "y": 450,
    "status": 0,
    "isCover": false,
    "iconName": "icons9",
    "revealed": false,
    "reveals": [
      "da9c7e",
      "26188f",
      "8ead6e",
      "cf45de",
      "f96516",
      "17172f",
      "7f0822",
      "daa2be"
    ]
  },
  {
    "id": "61483a",
    "x": 650,
    "y": 450,
    "status": 0,
    "isCover": false,
    "iconName": "icons0",
    "revealed": false,
    "reveals": [
      "dd1213",
      "d4d770",
      "180e22",
      "0a1a63",
      "f692f4",
      "405b40",
      "6dffc2",
      "b0e638",
      "ec7eef"
    ]
  },
  {
    "id": "47e021",
    "x": 500,
    "y": 300,
    "status": 0,
    "isCover": false,
    "iconName": "icons0",
    "revealed": false,
    "reveals": [
      "ede88a",
      "b90dcb",
      "473e36",
      "330e60",
      "48a8b1",
      "05a31d",
      "82830a",
      "099dce",
      "0848a3",
      "e8858d",
      "9af8eb",
      "cb1f33",
      "d9281b",
      "ec7ba3"
    ]
  },
  {
    "id": "63e062",
    "x": 175,
    "y": 475,
    "status": 0,
    "isCover": false,
    "iconName": "icons0",
    "revealed": false,
    "reveals": [
      "f2274f",
      "7690bf",
      "ed99df",
      "4f5301",
      "b9ae50",
      "418dcd",
      "493709",
      "fe2808",
      "362b81",
      "738db1",
      "f99af4",
      "46b49f",
      "a11d67",
      "ebb0ff"
    ]
  },
  {
    "id": "138840",
    "x": 250,
    "y": 350,
    "status": 0,
    "isCover": false,
    "iconName": "icons0",
    "revealed": false,
    "reveals": [
      "f3ffd1",
      "da9c7e",
      "778cd3",
      "e6b68e",
      "9fbb7a",
      "5e1916",
      "493709",
      "cf63cb",
      "f99af4",
      "383dc8",
      "a11d67",
      "ebb0ff"
    ]
  },
  {
    "id": "ff5e1a",
    "x": 325,
    "y": 525,
    "status": 0,
    "isCover": false,
    "iconName": "icons0",
    "revealed": false,
    "reveals": [
      "52d8cf",
      "26188f",
      "7d737d",
      "8ead6e",
      "cf45de",
      "f96516",
      "fe2808",
      "738db1",
      "269af1",
      "46b49f",
      "510908",
      "4bd75a",
      "787908"
    ]
  },
  {
    "id": "1ea949",
    "x": 500,
    "y": 300,
    "status": 0,
    "isCover": false,
    "iconName": "icons0",
    "revealed": false,
    "reveals": [
      "ede88a",
      "b90dcb",
      "473e36",
      "330e60",
      "48a8b1",
      "05a31d",
      "82830a",
      "099dce",
      "0848a3",
      "e8858d",
      "9af8eb",
      "cb1f33",
      "d9281b",
      "ec7ba3",
      "47e021"
    ]
  },
  {
    "id": "a020a7",
    "x": 200,
    "y": 600,
    "status": 0,
    "isCover": false,
    "iconName": "icons1",
    "revealed": false,
    "reveals": [
      "7690bf",
      "b40344",
      "25c529",
      "fe2808",
      "362b81",
      "738db1",
      "58e910",
      "46b49f",
      "84bc98",
      "ffbdaa"
    ]
  },
  {
    "id": "8b901b",
    "x": 325,
    "y": 525,
    "status": 0,
    "isCover": false,
    "iconName": "icons1",
    "revealed": false,
    "reveals": [
      "52d8cf",
      "26188f",
      "7d737d",
      "8ead6e",
      "cf45de",
      "f96516",
      "fe2808",
      "738db1",
      "269af1",
      "46b49f",
      "510908",
      "4bd75a",
      "787908",
      "ff5e1a"
    ]
  },
  {
    "id": "b23b57",
    "x": 300,
    "y": 600,
    "status": 0,
    "isCover": false,
    "iconName": "icons1",
    "revealed": false,
    "reveals": [
      "41c873",
      "b40344",
      "52d8cf",
      "7d737d",
      "fe2808",
      "2479d2",
      "738db1",
      "58e910",
      "269af1",
      "46b49f",
      "84bc98",
      "510908",
      "ffbdaa",
      "4bd75a",
      "ff5e1a",
      "8b901b"
    ]
  },
  {
    "id": "580ae8",
    "x": 450,
    "y": 450,
    "status": 0,
    "isCover": false,
    "iconName": "icons1",
    "revealed": false,
    "reveals": [
      "e032a7",
      "26188f",
      "8ead6e",
      "08e896",
      "b95618",
      "17172f",
      "7f0822",
      "ece66b",
      "4976ea",
      "daa2be"
    ]
  },
  {
    "id": "521e58",
    "x": 525,
    "y": 625,
    "status": 0,
    "isCover": false,
    "iconName": "icons1",
    "revealed": false,
    "reveals": [
      "6290b8",
      "8d9b43",
      "f000d9",
      "f099fa",
      "e37b3b",
      "552eed",
      "f300c4",
      "991773"
    ]
  },
  {
    "id": "5ffc53",
    "x": 225,
    "y": 325,
    "status": 0,
    "isCover": false,
    "iconName": "icons1",
    "revealed": false,
    "reveals": [
      "da9c7e",
      "e6b68e",
      "9fbb7a",
      "5e1916",
      "493709",
      "4a40cf",
      "cf63cb",
      "9ceb53",
      "cfc4c2",
      "a8f666",
      "383dc8",
      "a11d67",
      "ebb0ff",
      "138840"
    ]
  },
  {
    "id": "743ef7",
    "x": 550,
    "y": 450,
    "status": 0,
    "isCover": false,
    "iconName": "icons2",
    "revealed": false,
    "reveals": [
      "e032a7",
      "180e22",
      "0a1a63",
      "f692f4",
      "b95618",
      "ece66b",
      "1ca69e",
      "106fd2",
      "6dffc2",
      "4976ea",
      "ec7eef",
      "c15077"
    ]
  },
  {
    "id": "19422f",
    "x": 475,
    "y": 375,
    "status": 0,
    "isCover": false,
    "iconName": "icons2",
    "revealed": false,
    "reveals": [
      "b90dcb",
      "330e60",
      "05a31d",
      "08e896",
      "82830a",
      "11dd6f",
      "17172f",
      "0848a3",
      "1ca69e",
      "e8858d",
      "106fd2",
      "4976ea",
      "d9281b",
      "ec7ba3",
      "c15077",
      "47e021",
      "1ea949",
      "580ae8",
      "743ef7"
    ]
  },
  {
    "id": "e7c991",
    "x": 300,
    "y": 300,
    "status": 0,
    "isCover": false,
    "iconName": "icons2",
    "revealed": false,
    "reveals": [
      "f3ffd1",
      "499c63",
      "778cd3",
      "e6b68e",
      "9fbb7a",
      "4a40cf",
      "7f0822",
      "cf63cb",
      "a9956a",
      "9ceb53",
      "cfc4c2",
      "53b26a",
      "c3ba27",
      "c6be63",
      "b79042",
      "383dc8",
      "daa2be",
      "e95bba",
      "138840",
      "5ffc53"
    ]
  },
  {
    "id": "a813d3",
    "x": 375,
    "y": 475,
    "status": 0,
    "isCover": false,
    "iconName": "icons2",
    "revealed": false,
    "reveals": [
      "da9c7e",
      "52d8cf",
      "26188f",
      "8ead6e",
      "08e896",
      "cf45de",
      "552eed",
      "f96516",
      "17172f",
      "269af1",
      "4bd75a",
      "787908",
      "ff5e1a",
      "8b901b",
      "580ae8"
    ]
  },
  {
    "id": "ff13ed",
    "x": 550,
    "y": 350,
    "status": 0,
    "isCover": false,
    "iconName": "icons2",
    "revealed": false,
    "reveals": [
      "b90dcb",
      "330e60",
      "05a31d",
      "ef4421",
      "180e22",
      "0a1a63",
      "f692f4",
      "9ee972",
      "45a9bf",
      "1da5b0",
      "4976ea",
      "ec7ba3",
      "47e021",
      "1ea949",
      "19422f"
    ]
  },
  {
    "id": "08881a",
    "x": 325,
    "y": 625,
    "status": 0,
    "isCover": false,
    "iconName": "icons2",
    "revealed": false,
    "reveals": [
      "41c873",
      "52d8cf",
      "7d737d",
      "d1d0c5",
      "fe2808",
      "7cf4dc",
      "2479d2",
      "738db1",
      "58e910",
      "269af1",
      "46b49f",
      "510908",
      "ffbdaa",
      "4bd75a",
      "b23b57"
    ]
  },
  {
    "id": "67ff0d",
    "x": 550,
    "y": 550,
    "status": 0,
    "isCover": false,
    "iconName": "icons3",
    "revealed": false,
    "reveals": [
      "6290b8",
      "e032a7",
      "e37b3b",
      "601fab",
      "b95618",
      "ece66b",
      "6dffc2",
      "f300c4",
      "991773",
      "923011",
      "c7141e",
      "ec7eef",
      "521e58"
    ]
  },
  {
    "id": "c1f81d",
    "x": 325,
    "y": 425,
    "status": 0,
    "isCover": false,
    "iconName": "icons3",
    "revealed": false,
    "reveals": [
      "da9c7e",
      "26188f",
      "8ead6e",
      "cf45de",
      "f96516",
      "7f0822",
      "daa2be",
      "787908",
      "138840",
      "a813d3"
    ]
  },
  {
    "id": "43a457",
    "x": 300,
    "y": 600,
    "status": 0,
    "isCover": false,
    "iconName": "icons3",
    "revealed": false,
    "reveals": [
      "41c873",
      "b40344",
      "52d8cf",
      "7d737d",
      "fe2808",
      "2479d2",
      "738db1",
      "58e910",
      "269af1",
      "46b49f",
      "84bc98",
      "510908",
      "ffbdaa",
      "4bd75a",
      "ff5e1a",
      "8b901b",
      "b23b57",
      "08881a"
    ]
  },
  {
    "id": "21aaf3",
    "x": 525,
    "y": 525,
    "status": 0,
    "isCover": false,
    "iconName": "icons3",
    "revealed": false,
    "reveals": [
      "6290b8",
      "e032a7",
      "08e896",
      "e37b3b",
      "b95618",
      "552eed",
      "ece66b",
      "1ca69e",
      "106fd2",
      "6dffc2",
      "991773",
      "c15077",
      "580ae8",
      "743ef7",
      "67ff0d"
    ]
  },
  {
    "id": "fcb0c9",
    "x": 450,
    "y": 650,
    "status": 0,
    "isCover": false,
    "iconName": "icons3",
    "revealed": false,
    "reveals": [
      "6290b8",
      "8d9b43",
      "f000d9",
      "f099fa",
      "130df8",
      "7d737d",
      "950b38",
      "e37b3b",
      "d1d0c5",
      "f300c4",
      "521e58"
    ]
  },
  {
    "id": "31af2d",
    "x": 350,
    "y": 450,
    "status": 0,
    "isCover": false,
    "iconName": "icons3",
    "revealed": false,
    "reveals": [
      "da9c7e",
      "26188f",
      "8ead6e",
      "cf45de",
      "f96516",
      "17172f",
      "7f0822",
      "daa2be",
      "787908",
      "ff5e1a",
      "8b901b",
      "a813d3",
      "c1f81d"
    ]
  },
  {
    "id": "f9c906",
    "x": 400,
    "y": 600,
    "status": 0,
    "isCover": false,
    "iconName": "icons4",
    "revealed": false,
    "reveals": [
      "41c873",
      "52d8cf",
      "f000d9",
      "f099fa",
      "130df8",
      "7d737d",
      "950b38",
      "552eed",
      "2479d2",
      "269af1",
      "4bd75a",
      "ff5e1a",
      "8b901b",
      "08881a",
      "fcb0c9"
    ]
  },
  {
    "id": "5a6cd5",
    "x": 425,
    "y": 425,
    "status": 0,
    "isCover": false,
    "iconName": "icons4",
    "revealed": false,
    "reveals": [
      "e032a7",
      "26188f",
      "8ead6e",
      "08e896",
      "cf45de",
      "f96516",
      "17172f",
      "7f0822",
      "0848a3",
      "e8858d",
      "daa2be",
      "d9281b",
      "787908",
      "580ae8",
      "19422f",
      "a813d3",
      "31af2d"
    ]
  },
  {
    "id": "72c9d4",
    "x": 250,
    "y": 550,
    "status": 0,
    "isCover": false,
    "iconName": "icons4",
    "revealed": false,
    "reveals": [
      "ed99df",
      "b40344",
      "b9ae50",
      "fe2808",
      "738db1",
      "46b49f",
      "84bc98",
      "510908",
      "63e062",
      "ff5e1a",
      "a020a7",
      "8b901b",
      "b23b57",
      "08881a",
      "43a457"
    ]
  },
  {
    "id": "007bab",
    "x": 425,
    "y": 625,
    "status": 0,
    "isCover": false,
    "iconName": "icons4",
    "revealed": false,
    "reveals": [
      "41c873",
      "6290b8",
      "8d9b43",
      "52d8cf",
      "f000d9",
      "f099fa",
      "130df8",
      "7d737d",
      "950b38",
      "e37b3b",
      "552eed",
      "d1d0c5",
      "2479d2",
      "269af1",
      "4bd75a",
      "fcb0c9",
      "f9c906"
    ]
  },
  {
    "id": "28b66c",
    "x": 550,
    "y": 250,
    "status": 0,
    "isCover": false,
    "iconName": "icons4",
    "revealed": false,
    "reveals": [
      "50dfba",
      "330e60",
      "05a31d",
      "ef4421",
      "3ae30f",
      "9ee972",
      "45a9bf",
      "1da5b0",
      "33fa46",
      "c82ba3",
      "47e021",
      "1ea949"
    ]
  },
  {
    "id": "0b7185",
    "x": 350,
    "y": 550,
    "status": 0,
    "isCover": false,
    "iconName": "icons4",
    "revealed": false,
    "reveals": [
      "52d8cf",
      "26188f",
      "130df8",
      "7d737d",
      "950b38",
      "8ead6e",
      "269af1",
      "510908",
      "4bd75a",
      "ff5e1a",
      "8b901b",
      "b23b57",
      "a813d3",
      "08881a",
      "43a457",
      "f9c906",
      "007bab"
    ]
  },
  {
    "id": "404d34",
    "x": 575,
    "y": 575,
    "status": 0,
    "isCover": false,
    "iconName": "icons5",
    "revealed": false,
    "reveals": [
      "6290b8",
      "e37b3b",
      "601fab",
      "3814e8",
      "b95618",
      "73b22b",
      "ece66b",
      "f300c4",
      "991773",
      "923011",
      "c7141e",
      "ec7eef",
      "521e58",
      "67ff0d",
      "21aaf3"
    ]
  },
  {
    "id": "6280bd",
    "x": 575,
    "y": 475,
    "status": 0,
    "isCover": false,
    "iconName": "icons5",
    "revealed": false,
    "reveals": [
      "180e22",
      "0a1a63",
      "f692f4",
      "3814e8",
      "b95618",
      "ece66b",
      "1ca69e",
      "106fd2",
      "6dffc2",
      "991773",
      "4976ea",
      "b0e638",
      "ec7eef",
      "c15077",
      "61483a",
      "743ef7",
      "67ff0d",
      "21aaf3"
    ]
  },
  {
    "id": "05b1a1",
    "x": 600,
    "y": 300,
    "status": 0,
    "isCover": false,
    "iconName": "icons5",
    "revealed": false,
    "reveals": [
      "b90dcb",
      "ef4421",
      "d4d770",
      "a9d796",
      "3820c5",
      "2e7bab",
      "474eeb",
      "9ee972",
      "45a9bf",
      "1da5b0",
      "ec7ba3",
      "ff13ed",
      "28b66c"
    ]
  },
  {
    "id": "9be667",
    "x": 600,
    "y": 600,
    "status": 0,
    "isCover": false,
    "iconName": "icons5",
    "revealed": true,
    "reveals": [
      "8e4d35",
      "601fab",
      "3814e8",
      "b95618",
      "73b22b",
      "ece66b",
      "f300c4",
      "991773",
      "923011",
      "c7141e",
      "ec7eef",
      "521e58",
      "67ff0d",
      "21aaf3",
      "404d34"
    ]
  },
  {
    "id": "c20db7",
    "x": 625,
    "y": 325,
    "status": 0,
    "isCover": false,
    "iconName": "icons5",
    "revealed": false,
    "reveals": [
      "b90dcb",
      "ef4421",
      "d4d770",
      "180e22",
      "a9d796",
      "3820c5",
      "2e7bab",
      "474eeb",
      "370c51",
      "9ee972",
      "45a9bf",
      "1da5b0",
      "ec7ba3",
      "ff13ed",
      "28b66c",
      "05b1a1"
    ]
  },
  {
    "id": "bdc42e",
    "x": 275,
    "y": 575,
    "status": 0,
    "isCover": false,
    "iconName": "icons5",
    "revealed": false,
    "reveals": [
      "41c873",
      "ed99df",
      "b40344",
      "52d8cf",
      "fe2808",
      "2479d2",
      "738db1",
      "58e910",
      "269af1",
      "46b49f",
      "84bc98",
      "510908",
      "ffbdaa",
      "4bd75a",
      "ff5e1a",
      "a020a7",
      "8b901b",
      "b23b57",
      "08881a",
      "43a457",
      "72c9d4",
      "0b7185"
    ]
  },
  {
    "id": "62c1e8",
    "x": 550,
    "y": 450,
    "status": 0,
    "isCover": false,
    "iconName": "icons6",
    "revealed": false,
    "reveals": [
      "e032a7",
      "180e22",
      "0a1a63",
      "f692f4",
      "b95618",
      "ece66b",
      "1ca69e",
      "106fd2",
      "6dffc2",
      "4976ea",
      "ec7eef",
      "c15077",
      "743ef7",
      "19422f",
      "21aaf3",
      "6280bd"
    ]
  },
  {
    "id": "e71852",
    "x": 350,
    "y": 250,
    "status": 0,
    "isCover": false,
    "iconName": "icons6",
    "revealed": false,
    "reveals": [
      "f3ffd1",
      "499c63",
      "778cd3",
      "e6b68e",
      "22b34e",
      "f3c525",
      "82830a",
      "11dd6f",
      "9fbb7a",
      "cf63cb",
      "c3ba27",
      "9af8eb",
      "b79042",
      "383dc8",
      "e95bba",
      "e7c991"
    ]
  },
  {
    "id": "e03210",
    "x": 475,
    "y": 475,
    "status": 0,
    "isCover": false,
    "iconName": "icons6",
    "revealed": false,
    "reveals": [
      "e032a7",
      "26188f",
      "8ead6e",
      "08e896",
      "b95618",
      "552eed",
      "17172f",
      "ece66b",
      "1ca69e",
      "106fd2",
      "991773",
      "4976ea",
      "c15077",
      "580ae8",
      "743ef7",
      "67ff0d",
      "21aaf3",
      "5a6cd5",
      "62c1e8"
    ]
  },
  {
    "id": "6bd703",
    "x": 475,
    "y": 575,
    "status": 0,
    "isCover": false,
    "iconName": "icons6",
    "revealed": false,
    "reveals": [
      "6290b8",
      "26188f",
      "130df8",
      "950b38",
      "8ead6e",
      "e37b3b",
      "b95618",
      "552eed",
      "ece66b",
      "f300c4",
      "991773",
      "521e58",
      "67ff0d",
      "21aaf3",
      "fcb0c9",
      "f9c906",
      "007bab"
    ]
  },
  {
    "id": "7f7d91",
    "x": 250,
    "y": 450,
    "status": 0,
    "isCover": false,
    "iconName": "icons6",
    "revealed": false,
    "reveals": [
      "da9c7e",
      "ed99df",
      "b9ae50",
      "5e1916",
      "493709",
      "f99af4",
      "a11d67",
      "ebb0ff",
      "63e062",
      "ff5e1a",
      "8b901b",
      "c1f81d"
    ]
  },
  {
    "id": "c37ce7",
    "x": 550,
    "y": 350,
    "status": 0,
    "isCover": false,
    "iconName": "icons6",
    "revealed": false,
    "reveals": [
      "b90dcb",
      "330e60",
      "05a31d",
      "ef4421",
      "180e22",
      "0a1a63",
      "f692f4",
      "9ee972",
      "45a9bf",
      "1da5b0",
      "4976ea",
      "ec7ba3",
      "47e021",
      "1ea949",
      "19422f",
      "ff13ed",
      "05b1a1",
      "c20db7"
    ]
  },
  {
    "id": "8dcf6e",
    "x": 350,
    "y": 450,
    "status": 0,
    "isCover": false,
    "iconName": "icons7",
    "revealed": false,
    "reveals": [
      "da9c7e",
      "26188f",
      "8ead6e",
      "cf45de",
      "f96516",
      "17172f",
      "7f0822",
      "daa2be",
      "787908",
      "ff5e1a",
      "8b901b",
      "a813d3",
      "c1f81d",
      "31af2d",
      "5a6cd5"
    ]
  },
  {
    "id": "4ae456",
    "x": 350,
    "y": 650,
    "status": 0,
    "isCover": false,
    "iconName": "icons7",
    "revealed": true,
    "reveals": [
      "41c873",
      "130df8",
      "7d737d",
      "950b38",
      "d1d0c5",
      "7cf4dc",
      "2479d2",
      "510908",
      "b23b57",
      "08881a",
      "43a457",
      "f9c906",
      "007bab",
      "bdc42e"
    ]
  },
  {
    "id": "5a3222",
    "x": 275,
    "y": 375,
    "status": 0,
    "isCover": false,
    "iconName": "icons7",
    "revealed": false,
    "reveals": [
      "f3ffd1",
      "da9c7e",
      "778cd3",
      "cf45de",
      "9fbb7a",
      "493709",
      "f96516",
      "f99af4",
      "a11d67",
      "ebb0ff",
      "787908",
      "138840",
      "5ffc53",
      "e7c991",
      "c1f81d",
      "31af2d",
      "7f7d91",
      "8dcf6e"
    ]
  },
  {
    "id": "ec4578",
    "x": 350,
    "y": 350,
    "status": 0,
    "isCover": false,
    "iconName": "icons7",
    "revealed": false,
    "reveals": [
      "f3ffd1",
      "da9c7e",
      "778cd3",
      "e6b68e",
      "82830a",
      "11dd6f",
      "9fbb7a",
      "17172f",
      "7f0822",
      "cf63cb",
      "b79042",
      "383dc8",
      "daa2be",
      "e7c991",
      "c1f81d",
      "5a6cd5",
      "5a3222"
    ]
  },
  {
    "id": "4c1e7b",
    "x": 650,
    "y": 450,
    "status": 0,
    "isCover": false,
    "iconName": "icons7",
    "revealed": false,
    "reveals": [
      "dd1213",
      "d4d770",
      "180e22",
      "0a1a63",
      "f692f4",
      "405b40",
      "6dffc2",
      "b0e638",
      "ec7eef",
      "61483a",
      "6280bd"
    ]
  },
  {
    "id": "81fabf",
    "x": 425,
    "y": 525,
    "status": 0,
    "isCover": false,
    "iconName": "icons7",
    "revealed": false,
    "reveals": [
      "6290b8",
      "e032a7",
      "52d8cf",
      "26188f",
      "7d737d",
      "8ead6e",
      "08e896",
      "e37b3b",
      "cf45de",
      "552eed",
      "f96516",
      "269af1",
      "4bd75a",
      "787908",
      "580ae8",
      "a813d3",
      "31af2d",
      "f9c906",
      "0b7185",
      "e03210",
      "6bd703",
      "8dcf6e"
    ]
  },
  {
    "id": "003ca9",
    "x": 625,
    "y": 325,
    "status": 0,
    "isCover": false,
    "iconName": "icons8",
    "revealed": true,
    "reveals": [
      "b90dcb",
      "ef4421",
      "d4d770",
      "180e22",
      "a9d796",
      "3820c5",
      "2e7bab",
      "474eeb",
      "370c51",
      "9ee972",
      "45a9bf",
      "1da5b0",
      "ec7ba3",
      "ff13ed",
      "28b66c",
      "05b1a1",
      "c20db7",
      "c37ce7"
    ]
  },
  {
    "id": "072fdf",
    "x": 300,
    "y": 500,
    "status": 0,
    "isCover": false,
    "iconName": "icons8",
    "revealed": false,
    "reveals": [
      "52d8cf",
      "7d737d",
      "cf45de",
      "f96516",
      "fe2808",
      "738db1",
      "269af1",
      "f99af4",
      "46b49f",
      "4bd75a",
      "787908",
      "ff5e1a",
      "8b901b",
      "a813d3",
      "c1f81d",
      "31af2d",
      "72c9d4",
      "0b7185",
      "bdc42e",
      "7f7d91",
      "8dcf6e"
    ]
  },
  {
    "id": "462558",
    "x": 250,
    "y": 250,
    "status": 0,
    "isCover": false,
    "iconName": "icons8",
    "revealed": false,
    "reveals": [
      "f3ffd1",
      "499c63",
      "778cd3",
      "e6b68e",
      "22b34e",
      "9fbb7a",
      "4a40cf",
      "cf63cb",
      "a9956a",
      "9ceb53",
      "cfc4c2",
      "53b26a",
      "c6be63",
      "383dc8",
      "62e367",
      "5ffc53",
      "e7c991"
    ]
  },
  {
    "id": "273a04",
    "x": 475,
    "y": 575,
    "status": 0,
    "isCover": false,
    "iconName": "icons8",
    "revealed": false,
    "reveals": [
      "6290b8",
      "26188f",
      "130df8",
      "950b38",
      "8ead6e",
      "e37b3b",
      "b95618",
      "552eed",
      "ece66b",
      "f300c4",
      "991773",
      "521e58",
      "67ff0d",
      "21aaf3",
      "fcb0c9",
      "f9c906",
      "007bab",
      "6bd703",
      "81fabf"
    ]
  },
  {
    "id": "3c7b59",
    "x": 350,
    "y": 250,
    "status": 0,
    "isCover": false,
    "iconName": "icons8",
    "revealed": false,
    "reveals": [
      "f3ffd1",
      "499c63",
      "778cd3",
      "e6b68e",
      "22b34e",
      "f3c525",
      "82830a",
      "11dd6f",
      "9fbb7a",
      "cf63cb",
      "c3ba27",
      "9af8eb",
      "b79042",
      "383dc8",
      "e95bba",
      "e7c991",
      "e71852"
    ]
  },
  {
    "id": "2ba254",
    "x": 300,
    "y": 300,
    "status": 0,
    "isCover": false,
    "iconName": "icons8",
    "revealed": true,
    "reveals": [
      "f3ffd1",
      "499c63",
      "778cd3",
      "e6b68e",
      "9fbb7a",
      "4a40cf",
      "7f0822",
      "cf63cb",
      "a9956a",
      "9ceb53",
      "cfc4c2",
      "53b26a",
      "c3ba27",
      "c6be63",
      "b79042",
      "383dc8",
      "daa2be",
      "e95bba",
      "138840",
      "5ffc53",
      "e7c991",
      "e71852",
      "5a3222",
      "ec4578",
      "462558",
      "3c7b59"
    ]
  },
  {
    "id": "b364ad",
    "x": 350,
    "y": 550,
    "status": 0,
    "isCover": false,
    "iconName": "icons9",
    "revealed": false,
    "reveals": [
      "52d8cf",
      "26188f",
      "130df8",
      "7d737d",
      "950b38",
      "8ead6e",
      "269af1",
      "510908",
      "4bd75a",
      "ff5e1a",
      "8b901b",
      "b23b57",
      "a813d3",
      "08881a",
      "43a457",
      "f9c906",
      "007bab",
      "0b7185",
      "bdc42e",
      "81fabf",
      "072fdf"
    ]
  },
  {
    "id": "875422",
    "x": 350,
    "y": 550,
    "status": 0,
    "isCover": false,
    "iconName": "icons9",
    "revealed": false,
    "reveals": [
      "52d8cf",
      "26188f",
      "130df8",
      "7d737d",
      "950b38",
      "8ead6e",
      "269af1",
      "510908",
      "4bd75a",
      "ff5e1a",
      "8b901b",
      "b23b57",
      "a813d3",
      "08881a",
      "43a457",
      "f9c906",
      "007bab",
      "0b7185",
      "bdc42e",
      "81fabf",
      "072fdf",
      "b364ad"
    ]
  },
  {
    "id": "983490",
    "x": 400,
    "y": 300,
    "status": 0,
    "isCover": false,
    "iconName": "icons9",
    "revealed": true,
    "reveals": [
      "ede88a",
      "f3ffd1",
      "473e36",
      "499c63",
      "778cd3",
      "48a8b1",
      "82830a",
      "099dce",
      "11dd6f",
      "7f0822",
      "0848a3",
      "e8858d",
      "c3ba27",
      "9af8eb",
      "cb1f33",
      "b79042",
      "daa2be",
      "e95bba",
      "d9281b",
      "19422f",
      "e71852",
      "ec4578",
      "3c7b59"
    ]
  },
  {
    "id": "25cea9",
    "x": 350,
    "y": 550,
    "status": 0,
    "isCover": false,
    "iconName": "icons9",
    "revealed": false,
    "reveals": [
      "52d8cf",
      "26188f",
      "130df8",
      "7d737d",
      "950b38",
      "8ead6e",
      "269af1",
      "510908",
      "4bd75a",
      "ff5e1a",
      "8b901b",
      "b23b57",
      "a813d3",
      "08881a",
      "43a457",
      "f9c906",
      "007bab",
      "0b7185",
      "bdc42e",
      "81fabf",
      "072fdf",
      "b364ad",
      "875422"
    ]
  },
  {
    "id": "21f02e",
    "x": 575,
    "y": 475,
    "status": 0,
    "isCover": false,
    "iconName": "icons9",
    "revealed": true,
    "reveals": [
      "180e22",
      "0a1a63",
      "f692f4",
      "3814e8",
      "b95618",
      "ece66b",
      "1ca69e",
      "106fd2",
      "6dffc2",
      "991773",
      "4976ea",
      "b0e638",
      "ec7eef",
      "c15077",
      "61483a",
      "743ef7",
      "67ff0d",
      "21aaf3",
      "6280bd",
      "62c1e8",
      "4c1e7b"
    ]
  },
  {
    "id": "af09a7",
    "x": 425,
    "y": 525,
    "status": 0,
    "isCover": false,
    "iconName": "icons9",
    "revealed": true,
    "reveals": [
      "6290b8",
      "e032a7",
      "52d8cf",
      "26188f",
      "7d737d",
      "8ead6e",
      "08e896",
      "e37b3b",
      "cf45de",
      "552eed",
      "f96516",
      "269af1",
      "4bd75a",
      "787908",
      "580ae8",
      "a813d3",
      "31af2d",
      "f9c906",
      "0b7185",
      "e03210",
      "6bd703",
      "8dcf6e",
      "81fabf",
      "273a04",
      "b364ad",
      "875422",
      "25cea9"
    ]
  }
]